{
  "project_info": {
    "project_number": "592339426549",
    "firebase_url": "https://lovepad-860c7-default-rtdb.europe-west1.firebasedatabase.app",
    "project_id": "lovepad-860c7",
    "storage_bucket": "lovepad-860c7.appspot.com"
  },
  "client": [
    {
      "client_info": {
        "mobilesdk_app_id": "1:592339426549:android:dab7c7f0e36ccade36f9bc",
        "android_client_info": {
          "package_name": "fr.raphaelmrci.lovepad"
        }
      },
      "oauth_client": [
        {
          "client_id": "592339426549-ibapar9l81tv1mogje9ag8g1qt026qbl.apps.googleusercontent.com",
          "client_type": 3
        }
      ],
      "api_key": [
        {
          "current_key": "AIzaSyAuVN-U0hIdsyUyc4-sGCa7L5clRdfkzUM"
        }
      ],
      "services": {
        "appinvite_service": {
          "other_platform_oauth_client": [
            {
              "client_id": "592339426549-ibapar9l81tv1mogje9ag8g1qt026qbl.apps.googleusercontent.com",
              "client_type": 3
            }
          ]
        }
      }
    }
  ],
  "configuration_version": "1"
}